gene,haplotype_name,chr,variant_start,reference_allele,variant_allele,function,variant,type
CYP2B6,CYP2B6*12,19,41004125,G,A,no function,,snp
CYP2B6,CYP2B6*18,19,41012316,T,C,no function,,snp
CYP2B6,CYP2B6*2,19,40991369,C,T,normal function,,snp
CYP2B6,CYP2B6*22,19,40991224,T,C,increased function,,snp
CYP2B6,CYP2B6*24,19,41016778,G,A,no function,,snp
CYP2B6,CYP2B6*31,19,41010108,C,A,normal function,,snp
CYP2B6,CYP2B6*32,19,41012740,G,A,normal function,,snp
CYP2B6,CYP2B6*4,19,41009358,A,G,increased function,,snp
CYP2B6,CYP2B6*5,19,41016810,C,T,normal function,,snp
CYP2B6,CYP2B6*8,19,41004377,A,G,no function,,snp
CYP2B6,CYP2B6*9,19,41006936,G,T,decreased function,,snp
CYP2C19,CYP2C19*1,10,94842866,A,G,normal function,,snp
CYP2C19,CYP2C19*16,10,94852765,C,T,decreased function,,snp
CYP2C19,CYP2C19*5,10,94852738,C,T,no function,,snp
CYP2C19,CYP2C19*7,10,94781999,T,A,no function,,snp
CYP2C19,CYP2C19*8,10,94775416,T,C,no function,,snp
CYP2C9,CYP2C9*11,10,94981224,C,T,decreased function,,snp
CYP2C9,CYP2C9*12,10,94989020,C,T,decreased function,,snp
CYP2C9,CYP2C9*13,10,94941958,T,C,no function,,snp
CYP2C9,CYP2C9*14,10,94942234,G,A,decreased function,,snp
CYP2C9,CYP2C9*15,10,94947782,C,A,no function,,snp
CYP2C9,CYP2C9*16,10,94972179,A,G,decreased function,,snp
CYP2C9,CYP2C9*2,10,94942290,C,T,decreased function,,snp
CYP2C9,CYP2C9*23,10,94941915,G,A,decreased function,,snp
CYP2C9,CYP2C9*24,10,94981281,G,A,no function,,snp
CYP2C9,CYP2C9*26,10,94942249,C,G,decreased function,,snp
CYP2C9,CYP2C9*28,10,94947938,A,T,decreased function,,snp
CYP2C9,CYP2C9*29,10,94972119,C,A,decreased function,,snp
CYP2C9,CYP2C9*3,10,94981296,A,C,no function,,snp
CYP2C9,CYP2C9*30,10,94988984,G,A,decreased function,,snp
CYP2C9,CYP2C9*31,10,94981201,T,C,decreased function,,snp
CYP2C9,CYP2C9*33,10,94942255,G,A,no function,,snp
CYP2C9,CYP2C9*37,10,94938828,A,G,decreased function,,snp
CYP2C9,CYP2C9*38,10,94941976,G,C,decreased function,,snp
CYP2C9,CYP2C9*39,10,94941982,G,T,no function,,snp
CYP2C9,CYP2C9*4,10,94981297,T,C,decreased function,,snp
CYP2C9,CYP2C9*42,10,94942231,G,A,no function,,snp
CYP2C9,CYP2C9*43,10,94942230,C,T,no function,,snp
CYP2C9,CYP2C9*44,10,94942249,C,T,decreased function,,snp
CYP2C9,CYP2C9*45,10,94942254,C,T,no function,,snp
CYP2C9,CYP2C9*46,10,94942305,G,A,decreased function,,snp
CYP2C9,CYP2C9*5,10,94981301,C,G,decreased function,,snp
CYP2C9,CYP2C9*50,10,94949144,C,T,decreased function,,snp
CYP2C9,CYP2C9*52,10,94972180,C,G,no function,,snp
CYP2C9,CYP2C9*55,10,94981302,C,A,decreased function,,snp
CYP2C9,CYP2C9*8,10,94942309,G,A,decreased function,,snp
CYP2C9,CYP2C9*9,10,94949217,A,G,normal function,,snp
CYP2D6,CYP2D6*27,22,42126938,C,T,normal function,,snp
CYP2D6,CYP2D6*33,22,42128308,C,A,normal function,,snp
CYP2D6,CYP2D6*34,22,42127941,G,A,normal function,,snp
CYP2D6,CYP2D6*39,22,42126611,C,G,normal function,,snp
CYP2D6,CYP2D6*4,22,42128945,C,T,no function,,snp
CYP2D6,CYP2D6*48,22,42129821,G,A,normal function,,snp
CYP2D6,CYP2D6*50,22,42129071,T,G,decreased function,,snp
CYP2D6,CYP2D6*62,22,42126747,G,A,no function,,snp
CYP2D6,CYP2D6*7,22,42127856,T,G,no function,,snp
CYP2D6,CYP2D6*96,22,42126896,G,A,no function,,snp
CYP3A5,CYP3A5*3,7,99672916,T,C,no function,,snp
CYP3A5,CYP3A5*6,7,99665212,C,T,no function,,snp
NUDT15,NUDT15*3,13,48045719,C,T,no function,,snp
SLCO1B1,SLCO1B1*23,12,21172776,G,A,no function,,snp
SLCO1B1,SLCO1B1*37,12,21176804,A,G,normal function,,snp
SLCO1B1,SLCO1B1*5,12,21178615,T,C,no function,,snp
SLCO1B1,SLCO1B1*9,12,21205999,G,C,no function,,snp
DPYD,rs111858276,1,97549600,T,C,no function,,snp
DPYD,rs115232898,1,97699474,T,C,decreased function,,snp
DPYD,rs137999090,1,97373598,C,T,no function,,snp
DPYD,rs138391898,1,97549565,C,T,normal function,,snp
DPYD,rs138545885,1,97373629,C,A,normal function,,snp
DPYD,rs138616379,1,97450189,C,T,no function,,snp
DPYD,rs139459586,1,97079076,A,C,normal function,,snp
DPYD,rs139834141,1,97699533,C,T,normal function,,snp
DPYD,rs140114515,1,97079005,C,T,normal function,,snp
DPYD,rs140602333,1,97573919,G,A,normal function,,snp
DPYD,rs141044036,1,97082365,T,C,no function,,snp
DPYD,rs141462178,1,97721650,T,C,normal function,,snp
DPYD,rs142512579,1,97573805,C,T,normal function,,snp
DPYD,rs142619737,1,97515851,C,T,normal function,,snp
DPYD,rs143154602,1,97593289,G,A,no function,,snp
DPYD,rs145112791,1,97595083,G,A,normal function,,snp
DPYD,rs145529148,1,97079139,T,C,normal function,,snp
DPYD,rs145548112,1,97306195,C,T,normal function,,snp
DPYD,rs145773863,1,97450187,C,T,no function,,snp
DPYD,rs146356975,1,97595149,T,C,decreased function,,snp
DPYD,rs146529561,1,97305372,G,A,normal function,,snp
DPYD,rs147545709,1,97098599,G,A,normal function,,snp
DPYD,rs147601618,1,97450168,A,G,normal function,,snp
DPYD,rs148799944,1,97078993,C,G,normal function,,snp
DPYD,rs148994843,1,97515923,C,T,normal function,,snp
DPYD,rs150036960,1,97883368,G,C,normal function,,snp
DPYD,rs150437414,1,97595088,A,G,normal function,,snp
DPYD,rs17376848,1,97450068,A,G,normal function,,snp
DPYD,rs183385770,1,97593322,C,T,no function,,snp
DPYD,rs186169810,1,97573785,A,C,decreased function,,snp
DPYD,rs190951787,1,97515889,G,C,normal function,,snp
DPYD,rs199549923,1,97549681,G,T,normal function,,snp
DPYD,rs199634007,1,97234958,G,T,normal function,,snp
DPYD,rs200064537,1,97573839,A,T,normal function,,snp
DPYD,rs200562975,1,97721542,T,C,normal function,,snp
DPYD,rs201018345,1,97593379,C,T,normal function,,snp
DPYD,rs201035051,1,97098632,T,G,normal function,,snp
DPYD,rs202144771,1,97079077,G,A,normal function,,snp
DPYD,rs2297595,1,97699535,T,C,normal function,,snp
DPYD,rs3918289,1,97450059,G,C,normal function,,snp
DPYD,rs45589337,1,97679170,T,C,normal function,,snp
DPYD,rs55674432,1,97098616,C,A,no function,,snp
DPYD,rs55971861,1,97382461,T,G,normal function,,snp
DPYD,rs56005131,1,97234991,G,T,normal function,,snp
DPYD,rs57918000,1,97549713,G,A,normal function,,snp
DPYD,rs59086055,1,97450190,G,A,no function,,snp
DPYD,rs60139309,1,97193109,T,C,normal function,,snp
DPYD,rs60511679,1,97305363,A,C,normal function,,snp
DPYD,rs61622928,1,97573881,C,T,normal function,,snp
DPYD,rs6670886,1,97699506,C,T,normal function,,snp
DPYD,rs67376798,1,97082391,T,A,decreased function,,snp
DPYD,rs72547601,1,97079121,T,C,no function,,snp
DPYD,rs72547602,1,97079133,T,A,normal function,,snp
DPYD,rs72549304,1,97549609,G,A,no function,,snp
DPYD,rs72549305,1,97593238,T,C,normal function,,snp
DPYD,rs72549307,1,97699399,T,C,no function,,snp
DPYD,rs72549308,1,97699430,T,G,no function,,snp
DPYD,rs72549310,1,97883353,G,A,no function,,snp
DPYD,rs764666241,1,97573821,C,A,normal function,,snp
DPYD,rs80081766,1,97883352,C,T,normal function,,snp
RYR1,RYR1 c.103T>C,19,38440802,T,C,increased function,,snp
RYR1,RYR1 c.130C>T,19,38440829,C,T,increased function,,snp
RYR1,RYR1 c.487C>T,19,38444211,C,T,increased function,,snp
RYR1,RYR1 c.488G>T,19,38444212,G,T,increased function,,snp
RYR1,RYR1 c.742G>A,19,38446710,G,A,increased function,,snp
RYR1,RYR1 c.742G>C,19,38446710,G,C,increased function,,snp
RYR1,RYR1 c.982C>T,19,38448673,C,T,increased function,,snp
RYR1,RYR1 c.1021G>C,19,38448712,G,C,increased function,,snp
RYR1,RYR1 c.1021G>A,19,38448712,G,A,increased function,,snp
RYR1,RYR1 c.1201C>T,19,38451842,C,T,increased function,,snp
RYR1,RYR1 c.1209C>G,19,38451850,C,G,increased function,,snp
RYR1,RYR1 c.1565A>C,19,38455359,A,C,increased function,,snp
RYR1,RYR1 c.1597C>T,19,38455471,C,T,increased function,,snp
RYR1,RYR1 c.1654C>T,19,38455528,C,T,increased function,,snp
RYR1,RYR1 c.1840C>T,19,38457545,C,T,increased function,,snp
RYR1,RYR1 c.1841G>T,19,38457546,G,T,increased function,,snp
RYR1,RYR1 c.6487C>T,19,38494564,C,T,increased function,,snp
RYR1,RYR1 c.6488G>A,19,38494565,G,A,increased function,,snp
RYR1,RYR1 c.6502G>A,19,38494579,G,A,increased function,,snp
RYR1,RYR1 c.6617C>G,19,38496283,C,G,increased function,,snp
RYR1,RYR1 c.6617C>T,19,38496283,C,T,increased function,,snp
RYR1,RYR1 c.7007G>A,19,38499223,G,A,increased function,,snp
RYR1,RYR1 c.7048G>A,19,38499655,G,A,increased function,,snp
RYR1,RYR1 c.7063C>T,19,38499670,C,T,increased function,,snp
RYR1,RYR1 c.7124G>C,19,38499731,G,C,increased function,,snp
RYR1,RYR1 c.7282G>A,19,38499975,G,A,increased function,,snp
RYR1,RYR1 c.7300G>A,19,38499993,G,A,increased function,,snp
RYR1,RYR1 c.7304G>A,19,38499997,G,A,increased function,,snp
RYR1,RYR1 c.7354C>T,19,38500636,C,T,increased function,,snp
RYR1,RYR1 c.7360C>T,19,38500642,C,T,increased function,,snp
RYR1,RYR1 c.7361G>A,19,38500643,G,A,increased function,,snp
RYR1,RYR1 c.7372C>T,19,38500654,C,T,increased function,,snp
RYR1,RYR1 c.7373G>A,19,38500655,G,A,increased function,,snp
RYR1,RYR1 c.7522C>G,19,38500898,C,G,increased function,,snp
RYR1,RYR1 c.7522C>T,19,38500898,C,T,increased function,,snp
RYR1,RYR1 c.7523G>A,19,38500899,G,A,increased function,,snp
RYR1,RYR1 c.9310G>A,19,38512321,G,A,increased function,,snp
RYR1,RYR1 c.11969G>T,19,38543832,G,T,increased function,,snp
RYR1,RYR1 c.14387A>G,19,38580004,A,G,increased function,,snp
RYR1,RYR1 c.14477C>T,19,38580094,C,T,increased function,,snp
RYR1,RYR1 c.14497C>T,19,38580114,C,T,increased function,,snp
RYR1,RYR1 c.14512C>G,19,38580370,C,G,increased function,,snp
RYR1,RYR1 c.14545G>A,19,38580403,G,A,increased function,,snp
RYR1,RYR1 c.14693T>C,19,38584989,T,C,decreased function,,snp
TPMT,TPMT*2,6,18143724,C,G,no function,,snp
TPMT,TPMT*3B,6,18138997,C,T,no function,,snp
TPMT,TPMT*3C,6,18130687,T,C,no function,,snp
TPMT,TPMT*4,6,18130781,C,T,no function,,snp
TPMT,TPMT*11,6,18139689,C,T,no function,,snp
TPMT,TPMT*14,6,18149127,T,C,no function,,snp
TPMT,TPMT*15,6,18133890,C,T,no function,,snp
TPMT,TPMT*23,6,18133884,G,C,no function,,snp
TPMT,TPMT*29,6,18149126,A,G,no function,,snp
TPMT,TPMT*41,6,18130687,T,G,no function,,snp
UGT1A1,UGT1A1*6,2,233760498,G,A,decreased function,,snp
UGT1A1,UGT1A1*27,2,233760973,C,A,decreased function,,snp
G6PD,G6PD A,X,154535277,T,C,normal function,,snp
G6PD,G6PD Aachen,X,154532765,G,C,no function,,snp
G6PD,G6PD Aachen,X,154532765,G,T,no function,,snp
G6PD,G6PD Abeno,X,154532634,T,G,no function,,snp
G6PD,G6PD Alhambra,X,154532674,C,G,no function,,snp
G6PD,G6PD Amiens,X,154532278,T,A,no function,,snp
G6PD,G6PD Anadia,X,154532661,T,C,no function,,snp
G6PD,G6PD Andalus,X,154532389,C,T,no function,,snp
G6PD,G6PD Arakawa,X,154532082,G,A,no function,,snp
G6PD,G6PD Asahi,X,154536002,C,T,decreased function,,snp
G6PD,G6PD Asahikawa,X,154534110,C,T,no function,,snp
G6PD,G6PD Aures,X,154536156,A,G,decreased function,,snp
G6PD,G6PD Aveiro,X,154533634,C,T,no function,,snp
G6PD,G6PD Bajo Maumere,X,154533596,C,A,decreased function,,snp
G6PD,G6PD Bajo Maumere,X,154533596,C,G,decreased function,,snp
G6PD,G6PD Bangkok,X,154533615,C,G,no function,,snp
G6PD,G6PD Bao Loc,X,154535301,A,G,no function,,snp
G6PD,G6PD Bari,X,154532667,G,A,no function,,snp
G6PD,G6PD Belem,X,154535244,G,A,no function,,snp
G6PD,"G6PD Beverly Hills, Genova, Iwate, Niigata, Yamaguchi",X,154532694,C,T,no function,,snp
G6PD,G6PD Buenos Aires,X,154532083,G,A,no function,,snp
G6PD,G6PD Calvo Mackenna,X,154532716,T,C,no function,,snp
G6PD,G6PD Campinas,X,154532085,C,A,no function,,snp
G6PD,"G6PD Canton, Taiwan-Hakka, Gifu-like, Agrigento-like",X,154532269,C,A,no function,,snp
G6PD,"G6PD Canton, Taiwan-Hakka, Gifu-like, Agrigento-like",X,154532269,C,G,no function,,snp
G6PD,G6PD Cassano,X,154532403,C,G,no function,,snp
G6PD,G6PD Chatham,X,154532990,C,T,no function,,snp
G6PD,G6PD Chikugo,X,154534447,T,A,no function,,snp
G6PD,G6PD Chinese-1,X,154533605,T,C,no function,,snp
G6PD,G6PD Chinese-1,X,154533605,T,A,no function,,snp
G6PD,G6PD Chinese-5,X,154532969,G,A,decreased function,,snp
G6PD,G6PD Cleveland Corum,X,154533620,C,T,no function,,snp
G6PD,G6PD Clinic,X,154532639,C,T,no function,,snp
G6PD,G6PD Coimbra Shunde,X,154534390,G,A,no function,,snp
G6PD,G6PD Costanzo,X,154536025,A,G,no function,,snp
G6PD,G6PD Covao do Lobo,X,154532649,G,T,no function,,snp
G6PD,G6PD Durham,X,154534092,T,C,no function,,snp
G6PD,G6PD Farroupilha,X,154533016,G,T,no function,,snp
G6PD,G6PD Figuera da Foz,X,154532279,C,G,no function,,snp
G6PD,G6PD Fukaya,X,154532086,C,T,no function,,snp
G6PD,G6PD Fushan,X,154532989,G,T,no function,,snp
G6PD,G6PD Nice,X,154532265,C,G,decreased function,,snp
G6PD,G6PD Gaohe,X,154546061,T,C,decreased function,,snp
G6PD,G6PD Georgia,X,154532570,G,T,no function,,snp
G6PD,G6PD Guadalajara,X,154532695,G,A,no function,,snp
G6PD,G6PD Guangzhou,X,154535379,G,A,decreased function,,snp
G6PD,G6PD Hammersmith,X,154535330,A,T,decreased function,,snp
G6PD,G6PD Harilaou,X,154534157,A,C,no function,,snp
G6PD,G6PD Harima,X,154532392,A,T,no function,,snp
G6PD,G6PD Hartford,X,154532692,T,C,no function,,snp
G6PD,G6PD Ierapetra,X,154532797,G,A,no function,,snp
G6PD,G6PD Ilesha,X,154535187,C,T,decreased function,,snp
G6PD,G6PD Insuli,X,154533004,C,T,normal function,,snp
G6PD,"G6PD Iowa, Walter Reed, Springfield",X,154532698,T,C,no function,,snp
G6PD,G6PD Iwatsuki,X,154532773,C,T,no function,,snp
G6PD,"G6PD Japan, Shinagawa",X,154532625,C,T,no function,,snp
G6PD,"G6PD Japan, Shinagawa",X,154532625,C,G,no function,,snp
G6PD,"G6PD Kaiping, Anant, Dhon, Sapporo-like, Wosera",X,154532257,C,T,no function,,snp
G6PD,"G6PD Kalyan-Kerala, Jamnaga, Rohini",X,154533044,C,T,decreased function,,snp
G6PD,G6PD Kambos,X,154536151,G,A,decreased function,,snp
G6PD,G6PD Kamogawa,X,154536035,G,A,no function,,snp
G6PD,G6PD Kozukata,X,154536045,C,G,no function,,snp
G6PD,G6PD Krakow,X,154532679,A,G,no function,,snp
G6PD,G6PD La Jolla,X,154533608,A,G,no function,,snp
G6PD,G6PD Lages,X,154546116,C,T,decreased function,,snp
G6PD,G6PD Lagosanto,X,154535962,C,T,decreased function,,snp
G6PD,G6PD Lille,X,154533619,T,A,no function,,snp
G6PD,G6PD Liuzhou,X,154535211,C,T,no function,,snp
G6PD,G6PD Ludhiana,X,154533064,C,T,no function,,snp
G6PD,G6PD Lynwood,X,154532700,C,A,no function,,snp
G6PD,G6PD Madrid,X,154532699,G,C,no function,,snp
G6PD,G6PD Mahidol,X,154534495,C,T,decreased function,,snp
G6PD,G6PD Malaga,X,154534440,T,A,decreased function,,snp
G6PD,G6PD Manhattan,X,154533031,C,T,no function,,snp
G6PD,"G6PD Mediterranean, Dallas, Panamaâ€š Sassari, Cagliari, Birmingham",X,154534419,G,A,no function,,snp
G6PD,G6PD Metaponto,X,154536032,C,T,decreased function,,snp
G6PD,G6PD Mexico City,X,154534125,C,T,decreased function,,snp
G6PD,G6PD Mexico City,X,154534125,C,A,decreased function,,snp
G6PD,G6PD Miaoli,X,154534463,G,C,no function,,snp
G6PD,"G6PD Minnesota, Marion, Gastonia, LeJeune",X,154534345,C,A,no function,,snp
G6PD,G6PD Mira d'Aire,X,154532945,C,G,normal function,,snp
G6PD,G6PD Mizushima,X,154533592,T,C,no function,,snp
G6PD,G6PD Montalbano,X,154533586,C,T,decreased function,,snp
G6PD,G6PD Montpellier,X,154532722,C,T,no function,,snp
G6PD,G6PD Munich,X,154532623,T,C,no function,,snp
G6PD,G6PD Murcia Oristano,X,154535995,T,C,decreased function,,snp
G6PD,G6PD Namouru,X,154535996,A,G,no function,,snp
G6PD,G6PD Nankang,X,154534465,A,G,no function,,snp
G6PD,G6PD Nanning,X,154534102,G,A,decreased function,,snp
G6PD,G6PD Naone,X,154534485,C,T,no function,,snp
G6PD,"G6PD Nashville, Anaheim, Portici",X,154532676,C,T,no function,,snp
G6PD,G6PD Neapolis,X,154532245,G,C,decreased function,,snp
G6PD,G6PD Nilgiri,X,154534389,C,T,no function,,snp
G6PD,G6PD Nilgiri,X,154534389,C,G,no function,,snp
G6PD,G6PD Olomouc,X,154532713,A,G,no function,,snp
G6PD,G6PD Omiya,X,154533072,C,G,no function,,snp
G6PD,G6PD Orissa,X,154536168,G,C,decreased function,,snp
G6PD,G6PD Osaka,X,154533587,G,A,no function,,snp
G6PD,G6PD Palestrina,X,154536034,C,T,decreased function,,snp
G6PD,G6PD Partenope,X,154532802,C,A,no function,,snp
G6PD,G6PD Pawnee,X,154532434,C,G,no function,,snp
G6PD,G6PD Pedoplis-Ckaro,X,154534409,G,C,no function,,snp
G6PD,G6PD Piotrkow,X,154533589,A,G,no function,,snp
G6PD,G6PD Plymouth,X,154534494,C,T,no function,,snp
G6PD,G6PD Praha,X,154532688,T,C,no function,,snp
G6PD,G6PD Puerto Limon,X,154532662,C,T,no function,,snp
G6PD,G6PD Quing Yan,X,154535261,C,A,decreased function,,snp
G6PD,G6PD Radlowo,X,154534126,G,A,no function,,snp
G6PD,G6PD Rehevot,X,154533029,A,G,no function,,snp
G6PD,G6PD Rignano,X,154536169,C,T,decreased function,,snp
G6PD,G6PD Riley,X,154532715,A,G,no function,,snp
G6PD,G6PD Riverside,X,154532626,C,A,no function,,snp
G6PD,G6PD Roubaix,X,154533629,C,G,no function,,snp
G6PD,G6PD S. Antioco,X,154532408,T,C,no function,,snp
G6PD,G6PD Salerno Pyrgos,X,154535270,A,C,decreased function,,snp
G6PD,G6PD Salerno Pyrgos,X,154535270,A,G,decreased function,,snp
G6PD,"G6PD Santiago de Cuba, Morioka",X,154532411,C,T,no function,,snp
G6PD,G6PD Sao Borja,X,154535316,C,T,normal function,,snp
G6PD,G6PD Seoul,X,154533077,C,T,no function,,snp
G6PD,G6PD Serres,X,154532772,G,A,no function,,snp
G6PD,G6PD Shenzen,X,154535180,C,T,no function,,snp
G6PD,G6PD Shinshu,X,154534455,T,C,no function,,snp
G6PD,G6PD Sibari,X,154534348,T,C,decreased function,,snp
G6PD,G6PD Sinnai,X,154546122,C,A,decreased function,,snp
G6PD,G6PD Songklanagarind,X,154536008,A,T,no function,,snp
G6PD,G6PD Split,X,154532203,G,C,decreased function,,snp
G6PD,G6PD Sugao,X,154533614,G,A,no function,,snp
G6PD,G6PD Sumare,X,154532458,A,C,no function,,snp
G6PD,G6PD Surabaya,X,154532459,C,T,no function,,snp
G6PD,G6PD Suwalki,X,154532628,G,C,no function,,snp
G6PD,G6PD Swansea,X,154535980,A,G,no function,,snp
G6PD,G6PD Taipeiâ€š Chinese-3,X,154534489,T,C,no function,,snp
G6PD,G6PD Telti/Kobe,X,154532432,G,A,no function,,snp
G6PD,G6PD Tenri,X,154532758,T,C,no function,,snp
G6PD,"G6PD Tokyo, Fukushima",X,154532608,C,T,no function,,snp
G6PD,G6PD Toledo,X,154534486,G,A,no function,,snp
G6PD,G6PD Tomah,X,154532701,A,G,no function,,snp
G6PD,G6PD Torun,X,154532987,T,C,no function,,snp
G6PD,G6PD Ube Konan,X,154535963,G,A,decreased function,,snp
G6PD,"G6PD Union,Maewo, Chinese-2, Kalo",X,154532390,G,A,no function,,snp
G6PD,G6PD Utrecht,X,154532629,G,A,no function,,snp
G6PD,G6PD Valladolid,X,154535247,G,A,no function,,snp
G6PD,"G6PD Viangchan, Jammu",X,154533122,C,T,no function,,snp
G6PD,G6PD Volendam,X,154534468,G,A,no function,,snp
G6PD,G6PD Wayne,X,154534036,G,C,no function,,snp
G6PD,G6PD West Virginia,X,154533083,C,A,no function,,snp
G6PD,G6PD Wexham,X,154533607,G,A,no function,,snp
G6PD,G6PD Wisconsin,X,154532677,G,C,no function,,snp
CYP2B6,CYP2B6*17,19,40991381,A,T,normal function,40991381A>T,snp
CYP2B6,CYP2B6*17,19,40991388,A,G,normal function,40991388A>G,snp
CYP2B6,CYP2B6*17,19,40991390,C,A,normal function,40991390C>A,snp
CYP2B6,CYP2B6*17,19,40991391,G,C,normal function,40991391G>C,snp
CYP2B6,CYP2B6*38,19,41004015,T,A,no function,41004015T>A,snp
CYP2B6,CYP2B6*35,19,41004158,G,T,no function,41004158G>T,snp
CYP2B6,CYP2B6*35,19,41004303,T,C,no function,41004303T>C,snp
CYP2B6,CYP2B6*35,19,41004406,G,T,no function,41004406G>T,snp
CYP2B6,CYP2B6*26,19,41006919,C,G,decreased function,41006919C>G,snp
CYP2B6,CYP2B6*20,19,41006923,C,T,decreased function,41006923C>T,snp
CYP2B6,CYP2B6*37,19,41006968,T,G,no function,41006968T>G,snp
CYP2B6,CYP2B6*35,19,41010006,G,C,no function,41010006G>C,snp
CYP2B6,CYP2B6*28,19,41010088,C,G,no function,41010088C>G,snp
CYP2B6,CYP2B6*19,19,41012339,C,T,decreased function,41012339C>T,snp
CYP2B6,CYP2B6*28,19,41012465,C,T,no function,41012465C>T,snp
CYP2C19,CYP2C19*4,10,94762706,A,G,no function,94762706A>G,snp
CYP2C19,CYP2C19*19,10,94762856,A,G,decreased function,94762856A>G,snp
CYP2C19,CYP2C19*6,10,94775453,G,A,no function,94775453G>A,snp
CYP2C19,CYP2C19*9,10,94775489,G,A,decreased function,94775489G>A,snp
CYP2C19,CYP2C19*22,10,94780574,G,C,no function,94780574G>C,snp
CYP2C19,CYP2C19*3,10,94780653,G,A,no function,94780653G>A,snp
CYP2C19,CYP2C19*10,10,94781858,C,T,decreased function,94781858C>T,snp
CYP2C19,CYP2C19*2,10,94781859,G,A,no function,94781859G>A,snp
CYP2C19,CYP2C19*26,10,94781944,G,A,decreased function,94781944G>A,snp
CYP2C19,CYP2C19*18,10,94842861,G,A,normal function,94842861G>A,snp
CYP2C19,CYP2C19*24,10,94842879,G,A,no function,94842879G>A,snp
CYP2C19,CYP2C19*28,10,94842995,G,A,normal function,94842995G>A,snp
CYP2C19,CYP2C19*13,10,94849995,C,T,normal function,94849995C>T,snp
CYP2C19,CYP2C19*25,10,94852785,C,G,decreased function,94852785C>G,snp
CYP2C9,CYP2C9*35,10,94942234,G,T,no function,94942234G>T,snp
CYP2C9,CYP2C9*61,10,94988925,A,G,decreased function,94988925A>G,snp
CYP2D6,CYP2D6*31,22,42126749,C,T,no function,42126749C>T,snp
CYP2D6,CYP2D6*55,22,42126956,T,G,decreased function,42126956T>G,snp
CYP2D6,CYP2D6*56,22,42127590,G,A,no function,42127590G>A,snp
CYP2D6,CYP2D6*51,22,42127619,T,G,no function,42127619T>G,snp
CYP2D6,CYP2D6*44,22,42127841,C,G,no function,42127841C>G,snp
CYP2D6,CYP2D6*59,22,42127852,C,T,decreased function,42127852C>T,snp
CYP2D6,CYP2D6*81,22,42128212,G,A,no function,42128212G>A,snp
CYP2D6,CYP2D6*54,22,42128235,G,A,decreased function,42128235G>A,snp
CYP2D6,CYP2D6*20,22,42128812,A,G,no function,42128812A>G,snp
CYP2D6,CYP2D6*8,22,42129033,C,A,no function,42129033C>A,snp
CYP2D6,CYP2D6*129,22,42129155,C,T,no function,42129155C>T,snp
CYP2D6,CYP2D6*143,22,42129166,A,C,no function,42129166A>C,snp
CYP2D6,CYP2D6*99,22,42129827,C,G,no function,42129827C>G,snp
CYP2D6,CYP2D6*57,22,42129906,G,A,no function,42129906G>A,snp
CYP2D6,CYP2D6*11,22,42129910,C,G,no function,42129910C>G,snp
CYP2D6,CYP2D6*12,22,42130668,C,T,no function,42130668C>T,snp
CYP2D6,CYP2D6*47,22,42130719,G,A,no function,42130719G>A,snp
SLCO1B1,SLCO1B1*47,12,21200544,C,G,no function,21200544C>G,snp
