gene,haplotype_name,chr,variant_start,reference_allele,variant_allele,function
CYP2B6,CYP2B6*11,19,40991441,A,G,Uncertain function
CYP2B6,CYP2B6*12,19,41004125,G,A,No function
CYP2B6,CYP2B6*14,19,41004381,G,A,Uncertain function
CYP2B6,CYP2B6*15,19,41012693,T,A,Uncertain function
CYP2B6,CYP2B6*18,19,41012316,T,C,No function
CYP2B6,CYP2B6*2,19,40991369,C,T,Normal function
CYP2B6,CYP2B6*21,19,41012803,C,A,Uncertain function
CYP2B6,CYP2B6*22,19,40991224,T,C,Increased function
CYP2B6,CYP2B6*23,19,41016726,A,G,Unknown function
CYP2B6,CYP2B6*24,19,41016778,G,A,No function
CYP2B6,CYP2B6*25,19,41016805,A,T,Unknown function
CYP2B6,CYP2B6*27,19,41007013,T,C,Uncertain function
CYP2B6,CYP2B6*3,19,41009350,C,A,Uncertain function
CYP2B6,CYP2B6*31,19,41010108,C,A,Normal function
CYP2B6,CYP2B6*32,19,41012740,G,A,Normal function
CYP2B6,CYP2B6*33,19,41016810,C,A,Uncertain function
CYP2B6,CYP2B6*4,19,41009358,A,G,Increased function
CYP2B6,CYP2B6*5,19,41016810,C,T,Normal function
CYP2B6,CYP2B6*8,19,41004377,A,G,No function
CYP2B6,CYP2B6*9,19,41006936,G,T,Decreased function
CYP2C19,CYP2C19*1,10,94842866,A,G,Normal function
CYP2C19,CYP2C19*16,10,94852765,C,T,Decreased function
CYP2C19,CYP2C19*30,10,94775106,C,T,Uncertain function
CYP2C19,CYP2C19*5,10,94852738,C,T,No function
CYP2C19,CYP2C19*7,10,94781999,T,A,No function
CYP2C19,CYP2C19*8,10,94775416,T,C,No function 
CYP2C9,CYP2C9*10,10,94949280,A,G,Uncertain function
CYP2C9,CYP2C9*11,10,94981224,C,T,Decreased function
CYP2C9,CYP2C9*12,10,94989020,C,T,Decreased function
CYP2C9,CYP2C9*13,10,94941958,T,C,No function
CYP2C9,CYP2C9*14,10,94942234,G,A,Decreased function
CYP2C9,CYP2C9*15,10,94947782,C,A,No function
CYP2C9,CYP2C9*16,10,94972179,A,G,Decreased function
CYP2C9,CYP2C9*17,10,94981365,C,T,Uncertain function
CYP2C9,CYP2C9*19,10,94988917,G,C,Uncertain function
CYP2C9,CYP2C9*2,10,94942290,C,T,Decreased function
CYP2C9,CYP2C9*20,10,94941897,G,C,Uncertain function
CYP2C9,CYP2C9*21,10,94938771,C,T,Uncertain function
CYP2C9,CYP2C9*22,10,94938803,A,G,Uncertain function
CYP2C9,CYP2C9*23,10,94941915,G,A,Decreased function
CYP2C9,CYP2C9*24,10,94981281,G,A,No function
CYP2C9,CYP2C9*25,10,94942213,AGAAATGGAA,-,No function
CYP2C9,CYP2C9*26,10,94942249,C,G,Decreased function
CYP2C9,CYP2C9*27,10,94942309,G,T,Uncertain function
CYP2C9,CYP2C9*28,10,94947938,A,T,Decreased function
CYP2C9,CYP2C9*29,10,94972119,C,A,Decreased function
CYP2C9,CYP2C9*3,10,94981296,A,C,No function
CYP2C9,CYP2C9*30,10,94988984,G,A,Decreased function
CYP2C9,CYP2C9*31,10,94981201,T,C,Decreased function
CYP2C9,CYP2C9*32,10,94989023,G,T,Uncertain function
CYP2C9,CYP2C9*33,10,94942255,G,A,No function
CYP2C9,CYP2C9*34,10,94981225,G,A,Uncertain function
CYP2C9,CYP2C9*36,10,94938683,A,G,Uncertain function
CYP2C9,CYP2C9*37,10,94938828,A,G,Decreased function
CYP2C9,CYP2C9*38,10,94941976,G,C,Decreased function
CYP2C9,CYP2C9*39,10,94941982,G,T,No function
CYP2C9,CYP2C9*4,10,94981297,T,C,Decreased function
CYP2C9,CYP2C9*40,10,94942018,T,C,Uncertain function
CYP2C9,CYP2C9*41,10,94942216,A,G,Uncertain function
CYP2C9,CYP2C9*42,10,94942231,G,A,No function
CYP2C9,CYP2C9*43,10,94942230,C,T,No function
CYP2C9,CYP2C9*44,10,94942249,C,T,Decreased function
CYP2C9,CYP2C9*45,10,94942254,C,T,No function
CYP2C9,CYP2C9*46,10,94942305,G,A,Decreased function
CYP2C9,CYP2C9*47,10,94947785,C,T,Uncertain function
CYP2C9,CYP2C9*48,10,94947917,T,C,Uncertain function
CYP2C9,CYP2C9*49,10,94949129,A,G,Uncertain function
CYP2C9,CYP2C9*5,10,94981301,C,G,Decreased function
CYP2C9,CYP2C9*50,10,94949144,C,T,Decreased function
CYP2C9,CYP2C9*51,10,94972134,A,G,Uncertain function
CYP2C9,CYP2C9*52,10,94972180,C,G,No function
CYP2C9,CYP2C9*53,10,94972233,C,T,Uncertain function
CYP2C9,CYP2C9*54,10,94981250,C,A,Uncertain function
CYP2C9,CYP2C9*55,10,94981302,C,A,Decreased function
CYP2C9,CYP2C9*56,10,94986042,A,G,Uncertain function
CYP2C9,CYP2C9*57,10,94947907,A,C,Unknown function
CYP2C9,CYP2C9*58,10,94981230,C,A,Uncertain function
CYP2C9,CYP2C9*59,10,94988855,A,T,Uncertain function
CYP2C9,CYP2C9*6,10,94949283,A,-,No function
CYP2C9,CYP2C9*60,10,94988955,T,C,Uncertain function
CYP2C9,CYP2C9*62,10,94942233,C,T,Uncertain function
CYP2C9,CYP2C9*63,10,94942291,G,A,Uncertain function
CYP2C9,CYP2C9*64,10,94972123,C,G,Uncertain function
CYP2C9,CYP2C9*65,10,94981199,G,T,Uncertain function
CYP2C9,CYP2C9*66,10,94981305,C,G,Uncertain function
CYP2C9,CYP2C9*67,10,94988852,C,T,Uncertain function
CYP2C9,CYP2C9*69,10,94947869,A,G,Uncertain function
CYP2C9,CYP2C9*7,10,94938737,C,A,Uncertain function
CYP2C9,CYP2C9*70,10,94988880,G,T,Uncertain function
CYP2C9,CYP2C9*72,10,94942306,C,T,Unknown function
CYP2C9,CYP2C9*73,10,94942308,C,T,Unknown function
CYP2C9,CYP2C9*74,10,94947939,G,T,Unknown function
CYP2C9,CYP2C9*75,10,94986136,A,C,Unknown function
CYP2C9,CYP2C9*8,10,94942309,G,A,Decreased function
CYP2C9,CYP2C9*9,10,94949217,A,G,Normal function
CYP2D6,CYP2D6*106,22,42126914,C,T,Uncertain function
CYP2D6,CYP2D6*107,22,42129132,C,T,Unknown function
CYP2D6,CYP2D6*110,22,42126735,C,T,Unknown function
CYP2D6,CYP2D6*112,22,42126605,G,A,Unknown function
CYP2D6,CYP2D6*113,22,42126752,C,T,Unknown function
CYP2D6,CYP2D6*116,22,42127631,C,G,Unknown function
CYP2D6,CYP2D6*118,22,42127899,T,C,Unknown function
CYP2D6,CYP2D6*119,22,42127803,C,T,Unknown function
CYP2D6,CYP2D6*122,22,42127512,C,T,Unknown function
CYP2D6,CYP2D6*131,22,42128325,A,G,Unknown function
CYP2D6,CYP2D6*134,22,42127589,C,T,Unknown function
CYP2D6,CYP2D6*137,22,42126578,C,T,Unknown function
CYP2D6,CYP2D6*139,22,42127526,C,T,Unknown function
CYP2D6,CYP2D6*15,22,42130655,-,A,No function
CYP2D6,CYP2D6*18,22,42126666,-,AGTGGGCAC,No function
CYP2D6,CYP2D6*22,22,42130710,G,A,Uncertain function
CYP2D6,CYP2D6*23,22,42129836,G,A,Uncertain function
CYP2D6,CYP2D6*24,22,42127938,T,G,Uncertain function
CYP2D6,CYP2D6*25,22,42127593,G,C,Uncertain function
CYP2D6,CYP2D6*26,22,42127514,A,G,Uncertain function
CYP2D6,CYP2D6*27,22,42126938,C,T,Normal function
CYP2D6,CYP2D6*3,22,42128242,T,-,No function
CYP2D6,CYP2D6*33,22,42128308,C,A,Normal function
CYP2D6,CYP2D6*34,22,42127941,G,A,Normal function
CYP2D6,CYP2D6*38,22,42128203,TCAG,-,No function
CYP2D6,CYP2D6*39,22,42126611,C,G,Normal function
CYP2D6,CYP2D6*4,22,42128945,C,T,No function
CYP2D6,CYP2D6*43,22,42130715,C,T,Uncertain function
CYP2D6,CYP2D6*48,22,42129821,G,A,Normal function
CYP2D6,CYP2D6*50,22,42129071,T,G,Decreased function
CYP2D6,CYP2D6*6,22,42129084,A,-,No function
CYP2D6,CYP2D6*60,22,42128903,-,TA,No function
CYP2D6,CYP2D6*62,22,42126747,G,A,No function
CYP2D6,CYP2D6*7,22,42127856,T,G,No function
CYP2D6,CYP2D6*71,22,42130667,C,T,Uncertain function
CYP2D6,CYP2D6*74,22,42129819,G,T,Unknown function
CYP2D6,CYP2D6*75,22,42126746,C,T,Uncertain function
CYP2D6,CYP2D6*89,22,42129113,A,G,Uncertain function
CYP2D6,CYP2D6*9,22,42128176,TCT,-,Decreased function
CYP2D6,CYP2D6*90,22,42129098,T,C,Uncertain function
CYP2D6,CYP2D6*92,22,42128796,G,-,No function
CYP2D6,CYP2D6*93,22,42128272,T,G,Uncertain function
CYP2D6,CYP2D6*96,22,42126896,G,A,No function
CYP2D6,CYP2D6*97,22,42126697,G,T,Uncertain function
CYP3A5,CYP3A5*3,7,99672916,T,C,No function
CYP3A5,CYP3A5*6,7,99665212,C,T,No function
CYP3A5,CYP3A5*7,7,99652770,-,A,No function
CYP3A5,CYP3A5*8,7,99676198,G,A,Unknown function
CYP3A5,CYP3A5*9,7,99660516,C,T,Unknown function
NUDT15,NUDT15*3,13,48045719,C,T,No Function
NUDT15,NUDT15*4,13,48045720,G,A,Uncertain Function
NUDT15,NUDT15*5,13,48037798,G,A,Uncertain Function
NUDT15,NUDT15*6,13,48037801,-,GAGTCG,Uncertain Function
NUDT15,NUDT15*7,13,48037847,G,C,Uncertain Function
NUDT15,NUDT15*8,13,48037849,A,G,Uncertain Function
NUDT15,NUDT15*9,13,48037796,GAGTCG,-,No Function
SLCO1B1,SLCO1B1*10,12,21239077,A,G,Uncertain function
SLCO1B1,SLCO1B1*11,12,21239113,A,G,Uncertain function
SLCO1B1,SLCO1B1*16,12,21176868,A,G,Uncertain function
SLCO1B1,SLCO1B1*19,12,21239042,A,C,Uncertain function
SLCO1B1,SLCO1B1*2,12,21172782,T,C,Uncertain function
SLCO1B1,SLCO1B1*23,12,21172776,G,A,No function
SLCO1B1,SLCO1B1*26,12,21202664,G,A,Uncertain function
SLCO1B1,SLCO1B1*34,12,21239145,C,T,Uncertain function
SLCO1B1,SLCO1B1*36,12,21202553,T,G,Uncertain function
SLCO1B1,SLCO1B1*37,12,21176804,A,G,Normal function
SLCO1B1,SLCO1B1*38,12,21176871,G,A,Uncertain function
SLCO1B1,SLCO1B1*4,12,21176879,C,A,Uncertain function
SLCO1B1,SLCO1B1*41,12,21176898,G,T,Uncertain function
SLCO1B1,SLCO1B1*45,12,21222355,C,T,Unknown function
SLCO1B1,SLCO1B1*5,12,21178615,T,C,No function
SLCO1B1,SLCO1B1*6,12,21200595,T,C,Uncertain function
SLCO1B1,SLCO1B1*7,12,21202649,A,G,Uncertain function
SLCO1B1,SLCO1B1*8,12,21205921,A,G,Uncertain function
SLCO1B1,SLCO1B1*9,12,21205999,G,C,No function
DPYD,rs111858276,1,97549600,T,C,No function
DPYD,rs115232898,1,97699474,T,C,Decreased function
DPYD,rs137999090,1,97373598,C,T,No function
DPYD,rs138391898,1,97549565,C,T,Normal function
DPYD,rs138545885,1,97373629,C,A,Normal function
DPYD,rs138616379,1,97450189,C,T,No function
DPYD,rs139459586,1,97079076,A,C,Normal function
DPYD,rs139834141,1,97699533,C,T,Normal function
DPYD,rs140114515,1,97079005,C,T,Normal function
DPYD,rs140602333,1,97573919,G,A,Normal function
DPYD,rs141044036,1,97082365,T,C,No function
DPYD,rs141462178,1,97721650,T,C,Normal function
DPYD,rs142512579,1,97573805,C,T,Normal function
DPYD,rs142619737,1,97515851,C,T,Normal function
DPYD,rs143154602,1,97593289,G,A,No function
DPYD,rs145112791,1,97595083,G,A,Normal function
DPYD,rs145529148,1,97079139,T,C,Normal function
DPYD,rs145548112,1,97306195,C,T,Normal function
DPYD,rs145773863,1,97450187,C,T,No function
DPYD,rs146356975,1,97595149,T,C,Decreased function
DPYD,rs146529561,1,97305372,G,A,Normal function
DPYD,rs147545709,1,97098599,G,A,Normal function
DPYD,rs147601618,1,97450168,A,G,Normal function
DPYD,rs148799944,1,97078993,C,G,Normal function
DPYD,rs148994843,1,97515923,C,T,Normal function
DPYD,rs150036960,1,97883368,G,C,Normal function
DPYD,rs150437414,1,97595088,A,G,Normal function
DPYD,rs17376848,1,97450068,A,G,Normal function 
DPYD,rs183385770,1,97593322,C,T,No function
DPYD,rs186169810,1,97573785,A,C,Decreased function
DPYD,rs190951787,1,97515889,G,C,Normal function
DPYD,rs199549923,1,97549681,G,T,Normal function
DPYD,rs199634007,1,97234958,G,T,Normal function
DPYD,rs200064537,1,97573839,A,T,Normal function
DPYD,rs200562975,1,97721542,T,C,Normal function
DPYD,rs201018345,1,97593379,C,T,Normal function
DPYD,rs201035051,1,97098632,T,G,Normal function
DPYD,rs202144771,1,97079077,G,A,Normal function
DPYD,rs2297595,1,97699535,T,C,Normal function 
DPYD,rs3918289,1,97450059,G,C,Normal function
DPYD,rs45589337,1,97679170,T,C,Normal function
DPYD,rs55674432,1,97098616,C,A,No function
DPYD,rs55971861,1,97382461,T,G,Normal function
DPYD,rs56005131,1,97234991,G,T,Normal function
DPYD,rs57918000,1,97549713,G,A,Normal function
DPYD,rs59086055,1,97450190,G,A,No function
DPYD,rs60139309,1,97193109,T,C,Normal function
DPYD,rs60511679,1,97305363,A,C,Normal function
DPYD,rs61622928,1,97573881,C,T,Normal function 
DPYD,rs6670886,1,97699506,C,T,Normal function
DPYD,rs67376798,1,97082391,T,A,Decreased function
DPYD,rs72547601,1,97079121,T,C,No function
DPYD,rs72547602,1,97079133,T,A,Normal function
DPYD,rs72549304,1,97549609,G,A,No function
DPYD,rs72549305,1,97593238,T,C,Normal function
DPYD,rs72549307,1,97699399,T,C,No function
DPYD,rs72549308,1,97699430,T,G,No function
DPYD,rs72549310,1,97883353,G,A,No function
DPYD,rs764666241,1,97573821,C,A,Normal function
DPYD,rs80081766,1,97883352,C,T,Normal function 
RYR1,RYR1 c.103T>C,19,38440802,T,C,Increased Function
RYR1,RYR1 c.130C>T,19,38440829,C,T,Increased Function
RYR1,RYR1 c.487C>T,19,38444211,C,T,Increased Function
RYR1,RYR1 c.488G>T,19,38444212,G,T,Increased Function
RYR1,RYR1 c.742G>A,19,38446710,G,A,Increased Function
RYR1,RYR1 c.742G>C,19,38446710,G,A,Increased Function
RYR1,RYR1 c.982C>T,19,38448673,C,T,Increased Function
RYR1,RYR1 c.1021G>C,19,38448712,G,C,Increased Function
RYR1,RYR1 c.1021G>A,19,38448712,G,C,Increased Function
RYR1,RYR1 c.1201C>T,19,38451842,C,T,Increased Function
RYR1,RYR1 c.1209C>G,19,38451850,C,G,Increased Function
RYR1,RYR1 c.1565A>C,19,38455359,A,C,Increased Function
RYR1,RYR1 c.1589G>A,19,38455463,G,A,Uncertain function
RYR1,RYR1 c.1597C>T,19,38455471,C,T,Increased Function
RYR1,RYR1 c.1598G>A,19,38455472,G,A,Uncertain function
RYR1,RYR1 c.1654C>T,19,38455528,C,T,Increased Function
RYR1,RYR1 c.1840C>T,19,38457545,C,T,Increased Function
RYR1,RYR1 c.1841G>T,19,38457546,G,T,Increased Function
RYR1,RYR1 c.6487C>T,19,38494564,C,T,Increased Function
RYR1,RYR1 c.6488G>A,19,38494565,G,A,Increased Function
RYR1,RYR1 c.6502G>A,19,38494579,G,A,Increased Function
RYR1,RYR1 c.6617C>G,19,38496283,C,T,Increased Function
RYR1,RYR1 c.6617C>T,19,38496283,C,T,Increased Function
RYR1,RYR1 c.7007G>A,19,38499223,G,A,Increased Function
RYR1,RYR1 c.7048G>A,19,38499655,G,A,Increased Function
RYR1,RYR1 c.7063C>T,19,38499670,C,T,Increased Function
RYR1,RYR1 c.7124G>C,19,38499731,G,C,Increased Function
RYR1,RYR1 c.7282G>A,19,38499975,G,A,Increased Function
RYR1,RYR1 c.7300G>A,19,38499993,G,A,Increased Function
RYR1,RYR1 c.7304G>A,19,38499997,G,A,Increased Function
RYR1,RYR1 c.7354C>T,19,38500636,C,T,Increased Function
RYR1,RYR1 c.7360C>T,19,38500642,C,T,Increased Function
RYR1,RYR1 c.7361G>A,19,38500643,G,A,Increased Function
RYR1,RYR1 c.7372C>T,19,38500654,C,T,Increased Function
RYR1,RYR1 c.7373G>A,19,38500655,G,A,Increased Function
RYR1,RYR1 c.7522C>G,19,38500898,C,G,Increased Function
RYR1,RYR1 c.7522C>T,19,38500898,C,G,Increased Function
RYR1,RYR1 c.7523G>A,19,38500899,G,A,Increased Function
RYR1,RYR1 c.9310G>A,19,38512321,G,A,Increased Function
RYR1,RYR1 c.11969G>T,19,38543832,G,T,Increased Function
RYR1,RYR1 c.14387A>G,19,38580004,A,G,Increased Function
RYR1,RYR1 c.14477C>T,19,38580094,C,T,Increased Function
RYR1,RYR1 c.14497C>T,19,38580114,C,T,Increased Function
RYR1,RYR1 c.14512C>G,19,38580370,C,G,Increased Function
RYR1,RYR1 c.14545G>A,19,38580403,G,A,Increased Function
RYR1,RYR1 c.14582G>A,19,38580440,G,A,Uncertain Function
RYR1,RYR1 c.14693T>C,19,38584989,T,C,Decreased Function
TPMT,TPMT*2,6,18143724,C,G,No Function
TPMT,TPMT*3B,6,18138997,C,T,No Function
TPMT,TPMT*3C,6,18130687,T,G,No Function
TPMT,TPMT*4,6,18130781,C,T,No Function
TPMT,TPMT*5,6,18147910,A,G,Uncertain Function
TPMT,TPMT*6,6,18133845,T,A,Uncertain Function
TPMT,TPMT*7,6,18130725,A,C,Uncertain Function
TPMT,TPMT*8,6,18130762,C,T,Uncertain Function
TPMT,TPMT*9,6,18143606,T,G,Uncertain Function
TPMT,TPMT*10,6,18139027,C,G,Uncertain Function
TPMT,TPMT*11,6,18139689,C,T,No Function
TPMT,TPMT*12,6,18139710,G,A,Uncertain Function
TPMT,TPMT*13,6,18149045,T,A,Uncertain Function
TPMT,TPMT*14,6,18149127,T,C,No Function
TPMT,TPMT*15,6,18133890,C,T,No Function
TPMT,TPMT*16,6,18138969,C,G,Uncertain Function
TPMT,TPMT*17,6,18149004,G,C,Uncertain Function
TPMT,TPMT*18,6,18147845,C,T,Uncertain Function
TPMT,TPMT*19,6,18143597,T,G,Uncertain Function
TPMT,TPMT*20,6,18130694,T,C,Uncertain Function
TPMT,TPMT*21,6,18147851,G,C,Uncertain Function 
TPMT,TPMT*22,6,18138969,C,G,Uncertain Function
TPMT,TPMT*23,6,18133884,G,C,No Function
TPMT,TPMT*24,6,18133847,C,A,Uncertain Function
TPMT,TPMT*25,6,18130772,A,G,Uncertain Function
TPMT,TPMT*26,6,18132136,A,G,Uncertain Function
TPMT,TPMT*27,6,18143643,A,C,Uncertain Function
TPMT,TPMT*28,6,18143613,C,G,Uncertain Function
TPMT,TPMT*29,6,18149126,A,G,No Function
TPMT,TPMT*30,6,18149022,C,T,Unknown Function
TPMT,TPMT*31,6,18132147,A,G,Uncertain Function
TPMT,TPMT*32,6,18143622,C,T,Uncertain Function
TPMT,TPMT*33,6,18138970,G,A,Uncertain Function
TPMT,TPMT*34,6,18143718,G,A,Uncertain Function
TPMT,TPMT*35,6,18147856,A,G,Unknown Function
TPMT,TPMT*36,6,18132163,C,T,Unknown Function
TPMT,TPMT*37,6,18130758,A,T,Uncertain Function
TPMT,TPMT*38,6,18133870,A,G,Unknown Function
TPMT,TPMT*39,6,18147838,G,A,Uncertain Function
TPMT,TPMT*40,6,18130729,C,T,Uncertain Function
TPMT,TPMT*41,6,18130687,T,G,No Function
UGT1A1,UGT1A1*6,2,233760498,G,A,Decreased Function
UGT1A1,UGT1A1*27,2,233760973,C,A,Decreased Function
UGT1A1,UGT1A1*80,2,233759924,C,T,Unknown Function
G6PD,G6PD A,X,154535277,T,C,Normal function
G6PD,G6PD Aachen,X,154532765,G,C,No function
G6PD,G6PD Aachen,X,154532765,G,T,No function
G6PD,G6PD Abeno,X,154532634,T,G,No function
G6PD,G6PD Alhambra,X,154532674,C,G,No function
G6PD,G6PD Amazonia,X,154536019,G,T,No function
G6PD,G6PD Amazonia,X,154536019,G,A,No function
G6PD,G6PD Amiens,X,154532278,T,A,No function
G6PD,G6PD Amsterdam,X,154536022,,_154536024delAGA,No function
G6PD,G6PD Anadia,X,154532661,T,C,No function
G6PD,G6PD Andalus,X,154532389,C,T,No function
G6PD,G6PD Arakawa,X,154532082,G,A,No function
G6PD,G6PD Asahi,X,154536002,C,T,Decreased function
G6PD,G6PD Asahikawa,X,154534110,C,T,No function
G6PD,G6PD Aures,X,154536156,A,G,Decreased function
G6PD,G6PD Aveiro,X,154533634,C,T,No function
G6PD,G6PD Bajo Maumere,X,154533596,C,A,Decreased function
G6PD,G6PD Bajo Maumere,X,154533596,C,G,Decreased function
G6PD,G6PD Bangkok,X,154533615,C,G,No function
G6PD,G6PD Bao Loc,X,154535301,A,G,No function
G6PD,G6PD Bari,X,154532667,G,A,No function
G6PD,G6PD Belem,X,154535244,G,A,No function
G6PD,"G6PD Beverly Hills, Genova, Iwate, Niigata, Yamaguchi",X,154532694,C,T,No function
G6PD,G6PD Brighton,X,154532058,,_154532060delTTC,No function
G6PD,G6PD Buenos Aires,X,154532083,G,A,No function
G6PD,G6PD Cairo,X,154535249,T,G,Uncertain function
G6PD,G6PD Calvo Mackenna,X,154532716,T,C,No function
G6PD,G6PD Campinas,X,154532085,C,A,No function
G6PD,"G6PD Canton, Taiwan-Hakka, Gifu-like, Agrigento-like",X,154532269,C,A,No function
G6PD,"G6PD Canton, Taiwan-Hakka, Gifu-like, Agrigento-like",X,154532269,C,G,No function
G6PD,G6PD Cassano,X,154532403,C,G,No function
G6PD,G6PD Chatham,X,154532990,C,T,No function
G6PD,G6PD Chikugo,X,154534447,T,A,No function
G6PD,G6PD Chinese-1,X,154533605,T,C,No function
G6PD,G6PD Chinese-1,X,154533605,T,A,No function
G6PD,G6PD Chinese-5,X,154532969,G,A,Decreased function
G6PD,G6PD Cleveland Corum,X,154533620,C,T,No function
G6PD,G6PD Clinic,X,154532639,C,T,No function
G6PD,G6PD Coimbra Shunde,X,154534390,G,A,No function
G6PD,G6PD Cosenza,X,154532269,C,A,No function
G6PD,G6PD Cosenza,X,154532269,C,G,No function
G6PD,G6PD Costanzo,X,154536025,A,G,No function
G6PD,G6PD Covao do Lobo,X,154532649,G,T,No function
G6PD,G6PD Dagua,X,154534387,T,C,Uncertain function
G6PD,G6PD Durham,X,154534092,T,C,No function
G6PD,G6PD Farroupilha,X,154533016,G,T,No function
G6PD,G6PD Figuera da Foz,X,154532279,C,G,No function
G6PD,G6PD Flores,X,154532258,G,T,No function
G6PD,G6PD Flores,X,154532258,G,A,No function
G6PD,G6PD Fukaya,X,154532086,C,T,No function
G6PD,G6PD Fushan,X,154532989,G,T,No function
G6PD,G6PD Nice,X,154532265,C,G,Decreased function
G6PD,G6PD Gaohe,X,154546061,T,C,Decreased function
G6PD,G6PD Georgia,X,154532570,G,T,No function
G6PD,G6PD Gidra,X,154546046,A,G,Uncertain function
G6PD,G6PD Gond,X,154535176,C,G,Uncertain function
G6PD,G6PD Guadalajara,X,154532695,G,A,No function
G6PD,G6PD Guangzhou,X,154535379,G,A,Decreased function
G6PD,G6PD Haikou,X,154533605,T,C,No function
G6PD,G6PD Haikou,X,154533605,T,A,No function
G6PD,G6PD Hammersmith,X,154535330,A,T,Decreased function
G6PD,G6PD Harilaou,X,154534157,A,C,No function
G6PD,G6PD Harima,X,154532392,A,T,No function
G6PD,G6PD Hartford,X,154532692,T,C,No function
G6PD,G6PD Ierapetra,X,154532797,G,A,No function
G6PD,G6PD Ilesha,X,154535187,C,T,Decreased function
G6PD,G6PD Insuli,X,154533004,C,T,Normal function
G6PD,"G6PD Iowa, Walter Reed, Springfield",X,154532698,T,C,No function
G6PD,G6PD Iwatsuki,X,154532773,C,T,No function
G6PD,"G6PD Japan, Shinagawa",X,154532625,C,T,No function
G6PD,"G6PD Japan, Shinagawa",X,154532625,C,G,No function
G6PD,"G6PD Kaiping, Anant, Dhon, Sapporo-like, Wosera",X,154532257,C,T,No function
G6PD,"G6PD Kalyan-Kerala, Jamnaga, Rohini",X,154533044,C,T,Decreased function
G6PD,G6PD Kambos,X,154536151,G,A,Decreased function
G6PD,"G6PD Kamiube, Keelung",X,154532258,G,T,Decreased function
G6PD,"G6PD Kamiube, Keelung",X,154532258,G,A,Decreased function
G6PD,G6PD Kamogawa,X,154536035,G,A,No function
G6PD,G6PD Kawasaki,X,154532625,C,T,No function
G6PD,G6PD Kawasaki,X,154532625,C,G,No function
G6PD,G6PD Kozukata,X,154536045,C,G,No function
G6PD,G6PD Krakow,X,154532679,A,G,No function
G6PD,G6PD La Jolla,X,154533608,A,G,No function
G6PD,G6PD Lages,X,154546116,C,T,Decreased function
G6PD,G6PD Lagosanto,X,154535962,C,T,Decreased function
G6PD,G6PD Laibin,X,154532231,T,G,Uncertain function
G6PD,G6PD Lille,X,154533619,T,A,No function
G6PD,G6PD Liuzhou,X,154535211,C,T,No function
G6PD,G6PD Loma Linda,X,154532765,G,C,No function
G6PD,G6PD Loma Linda,X,154532765,G,T,No function
G6PD,G6PD Ludhiana,X,154533064,C,T,No function
G6PD,G6PD Lynwood,X,154532700,C,A,No function
G6PD,G6PD Madrid,X,154532699,G,C,No function
G6PD,G6PD Mahidol,X,154534495,C,T,Decreased function
G6PD,G6PD Malaga,X,154534440,T,A,Decreased function
G6PD,G6PD Manhattan,X,154533031,C,T,No function
G6PD,"G6PD Mediterranean, Dallas, Panama‚ Sassari, Cagliari, Birmingham",X,154534419,G,A,No function
G6PD,G6PD Metaponto,X,154536032,C,T,Decreased function
G6PD,G6PD Mexico City,X,154534125,C,T,Decreased function
G6PD,G6PD Mexico City,X,154534125,C,A,Decreased function
G6PD,G6PD Miaoli,X,154534463,G,C,No function
G6PD,"G6PD Minnesota, Marion, Gastonia, LeJeune",X,154534345,C,A,No function
G6PD,G6PD Mira d'Aire,X,154532945,C,G,Normal function
G6PD,G6PD Mizushima,X,154533592,T,C,No function
G6PD,G6PD Montalbano,X,154533586,C,T,Decreased function
G6PD,G6PD Montpellier,X,154532722,C,T,No function
G6PD,G6PD Munich,X,154532623,T,C,No function
G6PD,G6PD Murcia Oristano,X,154535995,T,C,Decreased function
G6PD,G6PD Musashino,X,154536019,G,A,Decreased function
G6PD,G6PD Musashino,X,154536019,G,T,Decreased function
G6PD,G6PD Namouru,X,154535996,A,G,No function
G6PD,G6PD Nankang,X,154534465,A,G,No function
G6PD,G6PD Nanning,X,154534102,G,A,Decreased function
G6PD,G6PD Naone,X,154534485,C,T,No function
G6PD,G6PD Nara,X,154533015,,_154533038delGGGGTCGTCCAGGTACCCTTTGGT,No function
G6PD,"G6PD Nashville, Anaheim, Portici",X,154532676,C,T,No function
G6PD,G6PD Neapolis,X,154532245,G,C,Decreased function
G6PD,G6PD Nilgiri,X,154534389,C,T,No function
G6PD,G6PD Nilgiri,X,154534389,C,G,No function
G6PD,G6PD No name,X,154546131,G,A,Uncertain function
G6PD,G6PD North Dallas,X,154534120,,_154534122delTGT,No function
G6PD,G6PD Olomouc,X,154532713,A,G,No function
G6PD,G6PD Omiya,X,154533072,C,G,No function
G6PD,G6PD Orissa,X,154536168,G,C,Decreased function
G6PD,G6PD Osaka,X,154533587,G,A,No function
G6PD,G6PD Palestrina,X,154536034,C,T,Decreased function
G6PD,G6PD Papua,X,154533591,G,T,Uncertain function
G6PD,G6PD Partenope,X,154532802,C,A,No function
G6PD,G6PD Pawnee,X,154532434,C,G,No function
G6PD,G6PD Pedoplis-Ckaro,X,154534409,G,C,No function
G6PD,G6PD Piotrkow,X,154533589,A,G,No function
G6PD,G6PD Plymouth,X,154534494,C,T,No function
G6PD,G6PD Praha,X,154532688,T,C,No function
G6PD,G6PD Puerto Limon,X,154532662,C,T,No function
G6PD,G6PD Quing Yan,X,154535261,C,A,Decreased function
G6PD,G6PD Radlowo,X,154534126,G,A,No function
G6PD,G6PD Rehevot,X,154533029,A,G,No function
G6PD,G6PD Rignano,X,154536169,C,T,Decreased function
G6PD,G6PD Riley,X,154532715,A,G,No function
G6PD,G6PD Riverside,X,154532626,C,A,No function
G6PD,G6PD Roubaix,X,154533629,C,G,No function
G6PD,G6PD S. Antioco,X,154532408,T,C,No function
G6PD,G6PD Salerno Pyrgos,X,154535270,A,C,Decreased function
G6PD,G6PD Salerno Pyrgos,X,154535270,A,G,Decreased function
G6PD,G6PD Santiago,X,154534389,C,T,No function
G6PD,G6PD Santiago,X,154534389,C,G,No function
G6PD,"G6PD Santiago de Cuba, Morioka",X,154532411,C,T,No function
G6PD,G6PD Sao Borja,X,154535316,C,T,Normal function
G6PD,"G6PD Seattle, Lodi, Modena, Ferrara II, Athens-like",X,154533596,C,A,Decreased function
G6PD,"G6PD Seattle, Lodi, Modena, Ferrara II, Athens-like",X,154533596,C,G,Decreased function
G6PD,G6PD Seoul,X,154533077,C,T,No function
G6PD,G6PD Serres,X,154532772,G,A,No function
G6PD,G6PD Shenzen,X,154535180,C,T,No function
G6PD,G6PD Shinshu,X,154534455,T,C,No function
G6PD,G6PD Sibari,X,154534348,T,C,Decreased function
G6PD,G6PD Sinnai,X,154546122,C,A,Decreased function
G6PD,G6PD Songklanagarind,X,154536008,A,T,No function
G6PD,G6PD Split,X,154532203,G,C,Decreased function
G6PD,G6PD Stonybrook,X,154534076,,_154534081delAGTGCC,No function
G6PD,G6PD Sugao,X,154533614,G,A,No function
G6PD,G6PD Sumare,X,154532458,A,C,No function
G6PD,G6PD Sunderland,X,154546051,,_154546053delGAT,No function
G6PD,G6PD Surabaya,X,154532459,C,T,No function
G6PD,G6PD Suwalki,X,154532628,G,C,No function
G6PD,G6PD Swansea,X,154535980,A,G,No function
G6PD,G6PD Taipei‚ Chinese-3,X,154534489,T,C,No function
G6PD,G6PD Telti/Kobe,X,154532432,G,A,No function
G6PD,G6PD Tenri,X,154532758,T,C,No function
G6PD,"G6PD Tokyo, Fukushima",X,154532608,C,T,No function
G6PD,G6PD Toledo,X,154534486,G,A,No function
G6PD,G6PD Tomah,X,154532701,A,G,No function
G6PD,G6PD Tondela,X,154532753,,_154532770delGGCCTTGCGCTCGTTCAG,No function
G6PD,G6PD Torun,X,154532987,T,C,No function
G6PD,G6PD Tsukui,X,154534419,,_154534421delGAG,No function
G6PD,G6PD Ube Konan,X,154535963,G,A,Decreased function
G6PD,"G6PD Union,Maewo, Chinese-2, Kalo",X,154532390,G,A,No function
G6PD,G6PD Urayasu,X,154535370,,_154535372delTCT,No function
G6PD,G6PD Utrecht,X,154532629,G,A,No function
G6PD,G6PD Valladolid,X,154535247,G,A,No function
G6PD,G6PD Vanua Lava,X,154535270,A,C,No function
G6PD,G6PD Vanua Lava,X,154535270,A,G,No function
G6PD,"G6PD Viangchan, Jammu",X,154533122,C,T,No function
G6PD,G6PD Villeurbanne,X,154532991,,_154532993delGGT,No function
G6PD,G6PD Volendam,X,154534468,G,A,No function
G6PD,G6PD Wayne,X,154534036,G,C,No function
G6PD,G6PD West Virginia,X,154533083,C,A,No function
G6PD,G6PD Wexham,X,154533607,G,A,No function
G6PD,G6PD Wisconsin,X,154532677,G,C,No function
G6PD,G6PD Yunan,X,154532264,C,T,Uncertain function
